query_index,database_index,rank,cosine_similarity,relevant
2835,2836,1,1.0000001192092896,False
2835,2834,2,1.0000001192092896,False
2835,181,3,0.9924266338348389,False
2835,182,4,0.9924266338348389,True
2835,1699,5,0.9902378916740417,False
2835,1700,6,0.9902378916740417,False
2835,1735,7,0.9879029989242554,False
2835,1736,8,0.9879029989242554,False
2835,213,9,0.9866345524787903,False
2835,1955,10,0.9851996898651123,True
2770,1202,1,0.9937199354171753,False
2770,2232,2,0.9922232627868652,False
2770,2629,3,0.9912080764770508,False
2770,268,4,0.9911530017852783,False
2770,1893,5,0.9908007979393005,False
2770,1835,6,0.9905210733413696,False
2770,1363,7,0.9900760650634766,True
2770,1901,8,0.98955237865448,False
2770,189,9,0.9892947673797607,False
2770,643,10,0.9892705082893372,False
178,1167,1,0.9974932074546814,False
178,2316,2,0.9819875359535217,False
178,1085,3,0.9759699106216431,False
178,781,4,0.974441647529602,False
178,782,5,0.974441647529602,False
178,718,6,0.9742956161499023,False
178,810,7,0.9733929634094238,False
178,212,8,0.97283935546875,False
178,445,9,0.9726436734199524,True
178,446,10,0.9726436734199524,False
209,10,1,0.9783267974853516,False
209,614,2,0.9733001589775085,False
209,414,3,0.9721155762672424,False
209,1595,4,0.9719868898391724,True
209,811,5,0.9716349840164185,False
209,2046,6,0.9695112705230713,False
209,2211,7,0.9688021540641785,False
209,1968,8,0.9683293700218201,False
209,1391,9,0.9679312705993652,False
209,2208,10,0.9678673148155212,False
2414,326,1,0.9908447265625,False
2414,327,2,0.9908447265625,True
2414,325,3,0.9908447265625,False
2414,1474,4,0.9894677400588989,False
2414,181,5,0.9881429076194763,False
2414,182,6,0.9881429076194763,True
2414,1736,7,0.9878648519515991,True
2414,1735,8,0.9878648519515991,True
2414,605,9,0.9876427054405212,False
2414,221,10,0.9870518445968628,False
2430,2429,1,0.9999999403953552,True
2430,842,2,0.98963862657547,True
2430,856,3,0.9883385896682739,False
2430,855,4,0.9883385896682739,False
2430,2245,5,0.9835965633392334,False
2430,2722,6,0.9834763407707214,False
2430,2565,7,0.9812191128730774,True
2430,295,8,0.9810581207275391,False
2430,294,9,0.9810581207275391,False
2430,3011,10,0.9810141921043396,False
2727,1810,1,0.9704594612121582,False
2727,2144,2,0.956264853477478,False
2727,2145,3,0.956264853477478,False
2727,2242,4,0.9555618762969971,False
2727,435,5,0.9502857327461243,False
2727,1533,6,0.9456616044044495,True
2727,1299,7,0.9441894292831421,False
2727,1343,8,0.9428789615631104,True
2727,79,9,0.9421851634979248,False
2727,137,10,0.9348347783088684,False
1761,2616,1,0.9847260117530823,True
1761,2617,2,0.9847260117530823,True
1761,430,3,0.9826502203941345,False
1761,431,4,0.9826502203941345,False
1761,300,5,0.9819980263710022,False
1761,301,6,0.9819980263710022,False
1761,1202,7,0.9765551686286926,False
1761,1172,8,0.9756349921226501,False
1761,1835,9,0.9736701846122742,False
1761,2227,10,0.9727293848991394,False
2550,160,1,0.9902859330177307,True
2550,162,2,0.9902859330177307,False
2550,161,3,0.9902859330177307,True
2550,2187,4,0.9850125908851624,False
2550,1623,5,0.9806262254714966,False
2550,1364,6,0.9793565273284912,False
2550,2062,7,0.9769312143325806,False
2550,2061,8,0.9769312143325806,False
2550,1925,9,0.9762277603149414,True
2550,1927,10,0.9762277603149414,False
113,2423,1,0.9922311305999756,False
113,1193,2,0.9875311255455017,False
113,1195,3,0.9875311255455017,False
113,1194,4,0.9875311255455017,False
113,1379,5,0.9868345260620117,True
113,1378,6,0.9868345260620117,False
113,2715,7,0.986680805683136,True
113,2051,8,0.9843291640281677,False
113,1862,9,0.983894407749176,False
113,2194,10,0.9812468886375427,True
2792,1039,1,0.9752540588378906,False
2792,1345,2,0.9748207330703735,True
2792,1347,3,0.9748207330703735,True
2792,2114,4,0.9745665788650513,True
2792,356,5,0.9708535671234131,False
2792,1627,6,0.9692836999893188,False
2792,934,7,0.9679555296897888,True
2792,935,8,0.967955470085144,False
2792,2309,9,0.9674875140190125,False
2792,2815,10,0.9656391143798828,True
47,121,1,0.9912592768669128,True
47,122,2,0.9912592768669128,True
47,984,3,0.9845514297485352,True
47,633,4,0.9839208722114563,False
47,632,5,0.9839208722114563,False
47,2115,6,0.9817270040512085,False
47,74,7,0.9809266328811646,True
47,72,8,0.9809266328811646,True
47,2985,9,0.9783036112785339,True
47,1994,10,0.9757434129714966,False
2113,2112,1,1.0,True
2113,526,2,0.9884105920791626,True
2113,525,3,0.9884105920791626,True
2113,583,4,0.9883484840393066,True
2113,582,5,0.9883484840393066,True
2113,717,6,0.9846358895301819,True
2113,2327,7,0.9820318818092346,True
2113,2328,8,0.9820318818092346,True
2113,2380,9,0.9693675637245178,True
2113,2379,10,0.9693675637245178,True
1721,1137,1,0.9801085591316223,False
1721,1136,2,0.9801085591316223,False
1721,1138,3,0.9801085591316223,False
1721,2034,4,0.9742383360862732,False
1721,1811,5,0.9727469682693481,False
1721,2910,6,0.9727469682693481,False
1721,427,7,0.9693195223808289,False
1721,426,8,0.9693195223808289,False
1721,1032,9,0.9679665565490723,False
1721,1301,10,0.9599146246910095,True
683,684,1,1.0000001192092896,True
683,2077,2,0.9923405647277832,False
683,2078,3,0.9923405647277832,False
683,1653,4,0.9901017546653748,True
683,139,5,0.989290714263916,False
683,138,6,0.989290714263916,False
683,820,7,0.9855759143829346,False
683,56,8,0.9838369488716125,False
683,2682,9,0.9797874689102173,False
683,2684,10,0.9797874689102173,False
1678,1679,1,0.9999999403953552,False
1678,110,2,0.9894754886627197,False
1678,494,3,0.9830508232116699,False
1678,1477,4,0.9752418398857117,False
1678,1476,5,0.9752418398857117,False
1678,862,6,0.9744962453842163,False
1678,861,7,0.9744962453842163,False
1678,2720,8,0.9743070602416992,False
1678,777,9,0.9737286567687988,False
1678,2342,10,0.9736429452896118,False
158,159,1,0.9999996423721313,True
158,1363,2,0.9912606477737427,False
158,1989,3,0.9883571863174438,False
158,1893,4,0.9874259829521179,True
158,1901,5,0.9869276285171509,True
158,1337,6,0.9866042733192444,True
158,558,7,0.9860736131668091,False
158,2613,8,0.9852089285850525,True
158,1202,9,0.9848082661628723,True
158,2232,10,0.9845069646835327,False
2233,2451,1,1.000000238418579,False
2233,753,2,0.9898334741592407,True
2233,754,3,0.9898334741592407,True
2233,642,4,0.9870168566703796,True
2233,643,5,0.9870168566703796,True
2233,189,6,0.9865894913673401,False
2233,246,7,0.9856157898902893,False
2233,1202,8,0.9839595556259155,False
2233,1186,9,0.9814348816871643,False
2233,2046,10,0.9800072312355042,False
352,351,1,0.9999999403953552,False
352,2699,2,0.935123085975647,False
352,2700,3,0.935123085975647,False
352,2813,4,0.9272690415382385,False
352,1504,5,0.9204152822494507,False
352,1505,6,0.9204152822494507,False
352,1935,7,0.9061540961265564,False
352,1742,8,0.9037856459617615,False
352,1753,9,0.9036489725112915,True
352,1752,10,0.9036489725112915,True
1440,222,1,0.9316621422767639,False
1440,1854,2,0.9209418296813965,False
1440,1928,3,0.9196522235870361,False
1440,1344,4,0.9008513689041138,True
1440,149,5,0.898270845413208,False
1440,2978,6,0.8968063592910767,False
1440,1373,7,0.8885898590087891,False
1440,2158,8,0.8880831599235535,False
1440,2157,9,0.8880831599235535,False
1440,2215,10,0.8867037892341614,False
2186,2187,1,1.0000001192092896,True
2186,161,2,0.9835919737815857,False
2186,160,3,0.9835919737815857,False
2186,162,4,0.9835919737815857,False
2186,199,5,0.979507327079773,False
2186,1364,6,0.9783259630203247,False
2186,2387,7,0.9770125150680542,False
2186,291,8,0.9738416075706482,False
2186,251,9,0.9726009368896484,False
2186,1910,10,0.9712320566177368,False
1963,1478,1,0.994361162185669,False
1963,1786,2,0.9908307194709778,True
1963,16,3,0.989527702331543,True
1963,457,4,0.9875665307044983,True
1963,2559,5,0.9791663289070129,True
1963,180,6,0.9783218502998352,False
1963,299,7,0.9777708649635315,False
1963,7,8,0.9765544533729553,False
1963,1382,9,0.9765210747718811,True
1963,1381,10,0.9765210747718811,False
1097,775,1,0.9903955459594727,True
1097,1874,2,0.9859334230422974,False
1097,2670,3,0.9845712184906006,False
1097,2669,4,0.9845712184906006,True
1097,2399,5,0.9716658592224121,True
1097,1949,6,0.9685165286064148,True
1097,2506,7,0.9662682414054871,True
1097,2398,8,0.9661834239959717,True
1097,1971,9,0.9660230278968811,False
1097,1919,10,0.9643080830574036,True
1469,1468,1,1.0,True
1469,2363,2,0.9885307550430298,False
1469,959,3,0.988228440284729,True
1469,556,4,0.984187126159668,True
1469,555,5,0.984187126159668,True
1469,1993,6,0.9827781915664673,False
1469,1489,7,0.9820699691772461,True
1469,2996,8,0.9817978739738464,False
1469,1724,9,0.9813091158866882,False
1469,127,10,0.9811197519302368,True
1149,1148,1,1.0000001192092896,False
1149,226,2,0.9862282276153564,True
1149,1095,3,0.9839127063751221,False
1149,1094,4,0.9839127063751221,True
1149,3011,5,0.9829839468002319,True
1149,579,6,0.9815386533737183,False
1149,1859,7,0.9804983735084534,False
1149,1858,8,0.9804983735084534,True
1149,2722,9,0.9799665212631226,True
1149,1547,10,0.9787561893463135,False
2915,2881,1,0.9807312488555908,False
2915,2861,2,0.9623943567276001,False
2915,2904,3,0.9551329016685486,False
2915,2896,4,0.9551329016685486,False
2915,2857,5,0.9441400766372681,False
2915,2877,6,0.9253835082054138,False
2915,2882,7,0.9253590106964111,False
2915,2895,8,0.925357460975647,False
2915,2907,9,0.925357460975647,False
2915,2947,10,0.925356388092041,True
1694,1578,1,0.9985957145690918,True
1694,326,2,0.995549738407135,False
1694,325,3,0.995549738407135,False
1694,327,4,0.995549738407135,True
1694,1201,5,0.9942712783813477,True
1694,605,6,0.9931493997573853,True
1694,182,7,0.9921455383300781,True
1694,181,8,0.9921455383300781,False
1694,1736,9,0.9901189804077148,True
1694,1735,10,0.9901189804077148,True
282,1916,1,0.9863028526306152,False
282,2331,2,0.9752593040466309,False
282,2329,3,0.9752593040466309,False
282,1661,4,0.975111722946167,False
282,1660,5,0.975111722946167,False
282,567,6,0.9746228456497192,True
282,2655,7,0.9700086712837219,False
282,2470,8,0.9689762592315674,True
282,2469,9,0.9689762592315674,True
282,1691,10,0.9673008918762207,True
1487,883,1,0.9845101237297058,False
1487,774,2,0.9835043549537659,False
1487,2400,3,0.9833760857582092,False
1487,7,4,0.9811884760856628,True
1487,1355,5,0.9793345928192139,False
1487,1420,6,0.9792082905769348,False
1487,517,7,0.977386474609375,True
1487,1672,8,0.9765169024467468,False
1487,1674,9,0.9765169024467468,False
1487,2015,10,0.9759260416030884,False
2568,2567,1,0.9999999403953552,False
2568,1222,2,0.979015588760376,False
2568,2702,3,0.9765865802764893,True
2568,193,4,0.9741607308387756,False
2568,573,5,0.9731700420379639,True
2568,574,6,0.9731700420379639,True
2568,258,7,0.9707449078559875,True
2568,2400,8,0.970297634601593,True
2568,733,9,0.9701399803161621,False
2568,176,10,0.9700449705123901,False
1731,1932,1,0.9815427660942078,False
1731,1501,2,0.9787226915359497,False
1731,1613,3,0.9786016345024109,False
1731,1900,4,0.9778047800064087,False
1731,1898,5,0.9778047800064087,False
1731,1454,6,0.9763805866241455,False
1731,195,7,0.9759087562561035,True
1731,618,8,0.975822925567627,False
1731,1629,9,0.9745928049087524,False
1731,513,10,0.9741809964179993,False
2795,2793,1,0.9999997019767761,True
2795,2694,2,0.9877062439918518,True
2795,2012,3,0.9850582480430603,True
2795,321,4,0.9650983810424805,False
2795,2521,5,0.961689829826355,False
2795,875,6,0.9601714611053467,False
2795,2486,7,0.9588119387626648,False
2795,187,8,0.9571240544319153,False
2795,320,9,0.9553461074829102,False
2795,1958,10,0.9548843502998352,True
70,217,1,0.9820424318313599,False
70,1130,2,0.9820390939712524,False
70,1247,3,0.980222761631012,False
70,1862,4,0.9782923460006714,False
70,2283,5,0.978037416934967,False
70,1972,6,0.9775442481040955,False
70,1398,7,0.9766482710838318,False
70,1682,8,0.9763113260269165,False
70,1531,9,0.9754148721694946,False
70,172,10,0.9739789366722107,False
223,222,1,1.0,False
223,1854,2,0.9622271656990051,False
223,149,3,0.9427534341812134,True
223,2978,4,0.9307653903961182,False
223,1344,5,0.9275665283203125,False
223,949,6,0.9228994250297546,False
223,2528,7,0.9204457402229309,False
223,1328,8,0.9171422123908997,False
223,1388,9,0.9136653542518616,False
223,1373,10,0.9098506569862366,False
1741,1742,1,1.0,True
1741,2631,2,0.9639809131622314,False
1741,1632,3,0.9605669975280762,False
1741,1633,4,0.9605669975280762,True
1741,2981,5,0.959377110004425,False
1741,1821,6,0.9591946005821228,False
1741,1138,7,0.957456648349762,False
1741,1136,8,0.957456648349762,False
1741,1137,9,0.957456648349762,False
1741,1153,10,0.9567449688911438,False
381,217,1,0.9722851514816284,False
381,2283,2,0.9711864590644836,False
381,774,3,0.9692050814628601,False
381,1199,4,0.9660226702690125,False
381,1200,5,0.9660226702690125,False
381,517,6,0.9647378325462341,False
381,1658,7,0.9647106528282166,False
381,1657,8,0.9647106528282166,False
381,1659,9,0.9647106528282166,False
381,7,10,0.964663028717041,False
2103,1368,1,0.9793387651443481,False
2103,1367,2,0.9793387651443481,False
2103,1900,3,0.9742490649223328,False
2103,1898,4,0.9742490649223328,True
2103,675,5,0.9736548066139221,False
2103,1408,6,0.9720988869667053,False
2103,1018,7,0.9688243865966797,True
2103,1017,8,0.9688243865966797,False
2103,167,9,0.9685818552970886,False
2103,537,10,0.9670839309692383,False
2296,2297,1,0.999999463558197,True
2296,1517,2,0.9944717884063721,False
2296,611,3,0.9924241304397583,False
2296,1080,4,0.9872744679450989,False
2296,1079,5,0.9872744679450989,False
2296,1081,6,0.9872744679450989,False
2296,1413,7,0.9871724247932434,False
2296,1414,8,0.9871724247932434,False
2296,1745,9,0.9867467880249023,False
2296,1744,10,0.9867467880249023,False
1067,1471,1,0.9800626635551453,True
1067,2614,2,0.9772845506668091,False
1067,1669,3,0.9761607646942139,False
1067,1380,4,0.9727757573127747,True
1067,2910,5,0.9652975797653198,False
1067,1811,6,0.965297520160675,False
1067,76,7,0.9636816382408142,False
1067,133,8,0.9626578092575073,False
1067,1762,9,0.9610484838485718,False
1067,283,10,0.9587787985801697,False
2982,2686,1,0.9798532724380493,False
2982,1193,2,0.9771701097488403,True
2982,1195,3,0.9771701097488403,True
2982,1194,4,0.9771701097488403,True
2982,901,5,0.9756184816360474,False
2982,1316,6,0.9750377535820007,False
2982,757,7,0.9750022888183594,True
2982,756,8,0.9750022888183594,True
2982,758,9,0.9750022888183594,False
2982,837,10,0.9740130305290222,False
1543,200,1,0.9863548874855042,True
1543,339,2,0.9862295985221863,True
1543,183,3,0.9849666357040405,True
1543,1578,4,0.9827921390533447,True
1543,1334,5,0.9827736020088196,True
1543,327,6,0.9826948642730713,True
1543,326,7,0.9826948642730713,True
1543,325,8,0.9826948642730713,False
1543,605,9,0.982056736946106,True
1543,2335,10,0.9817427396774292,False
1289,1288,1,1.000000238418579,True
1289,1290,2,0.9999999403953552,True
1289,1558,3,0.9894750118255615,False
1289,1557,4,0.9894750118255615,True
1289,2610,5,0.9874888062477112,True
1289,2014,6,0.9873621463775635,True
1289,2015,7,0.9873621463775635,True
1289,2013,8,0.9873617887496948,False
1289,61,9,0.9869207143783569,False
1289,62,10,0.9869207143783569,True
433,1348,1,0.995610237121582,True
433,1457,2,0.9826940298080444,False
433,2548,3,0.9783660173416138,False
433,2549,4,0.9783660173416138,False
433,2992,5,0.9769471883773804,False
433,2983,6,0.9734700322151184,False
433,1332,7,0.9730090498924255,False
433,773,8,0.9699675440788269,False
433,772,9,0.9699675440788269,False
433,1374,10,0.969680905342102,False
2847,2877,1,0.9999997019767761,True
2847,2896,2,0.9532731771469116,False
2847,2904,3,0.9532731175422668,False
2847,2881,4,0.9438048601150513,False
2847,2905,5,0.9375264644622803,False
2847,2893,6,0.924431324005127,False
2847,2940,7,0.918596088886261,False
2847,2862,8,0.9115384221076965,False
2847,2861,9,0.9024195075035095,False
2847,2857,10,0.8994155526161194,False
1143,3003,1,0.9858137965202332,False
1143,735,2,0.9829303622245789,False
1143,736,3,0.9829303622245789,False
1143,1934,4,0.980375349521637,True
1143,1933,5,0.980375349521637,True
1143,2500,6,0.980117917060852,False
1143,2499,7,0.980117917060852,False
1143,749,8,0.9778980016708374,True
1143,798,9,0.9776075482368469,True
1143,2956,10,0.9758336544036865,False
1357,1356,1,1.000000238418579,True
1357,104,2,0.9885813593864441,False
1357,2128,3,0.9786689877510071,True
1357,2127,4,0.9786689877510071,True
1357,323,5,0.9777827262878418,False
1357,2663,6,0.9733009934425354,True
1357,924,7,0.9700558185577393,True
1357,2152,8,0.9687528610229492,True
1357,1916,9,0.9683573842048645,False
1357,197,10,0.9679859280586243,False
1001,2345,1,0.9765844941139221,False
1001,2346,2,0.9765844941139221,False
1001,2344,3,0.9765844941139221,False
1001,2735,4,0.9736918807029724,False
1001,561,5,0.9693199992179871,False
1001,1795,6,0.9687703251838684,False
1001,1002,7,0.9642260670661926,False
1001,507,8,0.9632782340049744,False
1001,508,9,0.9632782340049744,False
1001,677,10,0.9607642292976379,False
2203,2202,1,1.000000238418579,False
2203,1051,2,0.992315411567688,False
2203,1050,3,0.992315411567688,True
2203,2153,4,0.991161048412323,False
2203,1615,5,0.987988293170929,True
2203,2814,6,0.9874635934829712,True
2203,2239,7,0.9866105318069458,True
2203,666,8,0.9848329424858093,False
2203,2720,9,0.9836921691894531,True
2203,388,10,0.9818451404571533,False
1060,1061,1,1.0,False
1060,1765,2,0.9809006452560425,False
1060,1763,3,0.9809006452560425,False
1060,1764,4,0.9809006452560425,False
1060,2175,5,0.9800196886062622,False
1060,394,6,0.9725641012191772,False
1060,821,7,0.9703882932662964,False
1060,1251,8,0.968967616558075,False
1060,2009,9,0.9683064818382263,False
1060,197,10,0.9667314291000366,False
1806,1805,1,1.0000001192092896,True
1806,1263,2,0.988450825214386,True
1806,699,3,0.985526978969574,True
1806,137,4,0.9806427359580994,True
1806,2134,5,0.9640750885009766,False
1806,1207,6,0.9565514922142029,True
1806,1206,7,0.9565514922142029,False
1806,1208,8,0.9565514922142029,True
1806,2497,9,0.9385685324668884,False
1806,20,10,0.9363462328910828,False
2651,2650,1,0.9999998211860657,True
2651,2205,2,0.9714758396148682,False
2651,2356,3,0.9711482524871826,False
2651,840,4,0.9361009001731873,False
2651,839,5,0.9361009001731873,False
2651,2930,6,0.9268834590911865,False
2651,484,7,0.9227492213249207,False
2651,485,8,0.9227492213249207,False
2651,2924,9,0.9226276874542236,False
2651,1179,10,0.921329915523529,False
2369,1956,1,0.9888448119163513,True
2369,2774,2,0.9872515797615051,True
2369,1960,3,0.982889711856842,True
2369,1573,4,0.9813569188117981,False
2369,1572,5,0.9813568592071533,True
2369,1841,6,0.9773938655853271,True
2369,1840,7,0.9773938655853271,True
2369,2159,8,0.9771658182144165,True
2369,471,9,0.9767203330993652,True
2369,5,10,0.9747081398963928,True
1011,688,1,0.9849141240119934,False
1011,2971,2,0.984860360622406,False
1011,1262,3,0.9831127524375916,True
1011,2491,4,0.9811608791351318,True
1011,1150,5,0.9807011485099792,False
1011,1970,6,0.9806903600692749,False
1011,1969,7,0.9806903600692749,False
1011,61,8,0.9785254597663879,False
1011,62,9,0.9785254597663879,True
1011,259,10,0.9785200953483582,True
2802,2801,1,0.9999998807907104,True
2802,210,2,0.9934555888175964,False
2802,2632,3,0.9767460823059082,True
2802,2201,4,0.9736475944519043,True
2802,1832,5,0.9705590009689331,False
2802,167,6,0.968930184841156,False
2802,1338,7,0.9675130248069763,True
2802,2733,8,0.9665323495864868,False
2802,1879,9,0.966116189956665,False
2802,703,10,0.965449333190918,False
2286,322,1,0.9851181507110596,False
2286,1697,2,0.9842121601104736,False
2286,887,3,0.9618910551071167,False
2286,975,4,0.9607815742492676,False
2286,2533,5,0.9520337581634521,False
2286,1184,6,0.9463573098182678,False
2286,1890,7,0.9443598389625549,False
2286,2631,8,0.9440029859542847,False
2286,2309,9,0.9410465359687805,False
2286,1197,10,0.9409494996070862,False
1738,1737,1,1.000000238418579,False
1738,1189,2,0.9690542221069336,False
1738,656,3,0.968222439289093,True
1738,655,4,0.968222439289093,True
1738,40,5,0.9654837250709534,False
1738,335,6,0.9633963108062744,False
1738,334,7,0.9633963108062744,True
1738,333,8,0.9633963108062744,True
1738,2266,9,0.9619477391242981,False
1738,340,10,0.9610704183578491,False
1819,1817,1,1.0,False
1819,1818,2,1.0,False
1819,1718,3,0.9801639914512634,False
1819,1720,4,0.9801639914512634,False
1819,796,5,0.9595798850059509,False
1819,368,6,0.9463351964950562,False
1819,548,7,0.9460451602935791,False
1819,940,8,0.9293429255485535,False
1819,2508,9,0.9231177568435669,False
1819,1841,10,0.9217151403427124,False
2853,2900,1,1.000000238418579,True
2853,2864,2,0.9700289964675903,False
2853,2862,3,0.9615355134010315,False
2853,2905,4,0.9340161681175232,False
2853,2897,5,0.927822470664978,False
2853,2939,6,0.9103094339370728,True
2853,2936,7,0.9103094339370728,False
2853,2877,8,0.8854036331176758,False
2853,2904,9,0.8743671178817749,False
2853,2896,10,0.8743670582771301,False
2343,1859,1,0.9799646735191345,False
2343,1858,2,0.9799646735191345,False
2343,649,3,0.9677345752716064,False
2343,648,4,0.9677345752716064,False
2343,650,5,0.9677345752716064,False
2343,1167,6,0.9645213484764099,False
2343,1544,7,0.9627561569213867,False
2343,2875,8,0.9627561569213867,False
2343,1486,9,0.9616708159446716,False
2343,1101,10,0.9606457352638245,False
1459,194,1,0.9955216646194458,False
1459,836,2,0.9934208393096924,False
1459,1216,3,0.993179976940155,False
1459,438,4,0.9905954599380493,False
1459,437,5,0.9905954599380493,False
1459,386,6,0.988741397857666,False
1459,2788,7,0.9882663488388062,False
1459,2789,8,0.9882663488388062,False
1459,1968,9,0.9880174994468689,False
1459,1753,10,0.9875774383544922,False
2511,2512,1,0.9999999403953552,True
2511,2977,2,0.9701089262962341,False
2511,1007,3,0.9679279923439026,False
2511,1008,4,0.9679279923439026,False
2511,689,5,0.9664300084114075,False
2511,690,6,0.9664300084114075,False
2511,1759,7,0.959640622138977,False
2511,509,8,0.9582037329673767,True
2511,2096,9,0.9556182026863098,False
2511,7,10,0.9528103470802307,False
1306,14,1,0.9641039967536926,True
1306,979,2,0.9639880061149597,False
1306,1840,3,0.9612032175064087,False
1306,1841,4,0.9612032175064087,True
1306,770,5,0.9611880779266357,True
1306,2818,6,0.9575112462043762,False
1306,2819,7,0.9575112462043762,True
1306,2551,8,0.9554290771484375,False
1306,2552,9,0.9554290771484375,False
1306,2159,10,0.9497717022895813,True
719,718,1,0.9999997615814209,True
719,1287,2,0.994379997253418,True
719,781,3,0.9889318346977234,False
719,782,4,0.9889318346977234,True
719,448,5,0.9887827634811401,False
719,449,6,0.9887827634811401,True
719,988,7,0.9879898428916931,True
719,869,8,0.9868900179862976,True
719,964,9,0.9863234758377075,True
719,2001,10,0.9857428669929504,True
619,268,1,0.9931753277778625,False
619,2613,2,0.9916025400161743,False
619,1885,3,0.9909944534301758,True
619,1462,4,0.9909622669219971,True
619,2629,5,0.9907311201095581,True
619,1869,6,0.9893404245376587,True
619,1901,7,0.9884552359580994,True
619,931,8,0.9884006977081299,True
619,932,9,0.9884006977081299,True
619,344,10,0.9880187511444092,True
177,176,1,1.0000001192092896,True
177,517,2,0.9832205772399902,True
177,2385,3,0.9794362187385559,False
177,2384,4,0.9794362187385559,True
177,2400,5,0.9729936122894287,True
177,2416,6,0.972341001033783,True
177,2415,7,0.972341001033783,True
177,2567,8,0.9700449705123901,False
177,1334,9,0.9690338373184204,False
177,2834,10,0.9676625728607178,False
3001,51,1,0.9832615852355957,True
3001,2141,2,0.9717717170715332,False
3001,2140,3,0.9717717170715332,True
3001,2142,4,0.9717717170715332,True
3001,1700,5,0.9664795994758606,False
3001,1699,6,0.9664795994758606,False
3001,2645,7,0.9649103283882141,True
3001,2644,8,0.9649103283882141,False
3001,2643,9,0.9649103283882141,True
3001,903,10,0.9639119505882263,False
2445,2444,1,0.9999999403953552,False
2445,1241,2,0.9915199279785156,False
2445,1633,3,0.9792094230651855,False
2445,1632,4,0.9792094230651855,False
2445,3006,5,0.9768515229225159,False
2445,2406,6,0.9713587760925293,False
2445,2407,7,0.9713587760925293,False
2445,1153,8,0.9669398665428162,False
2445,1154,9,0.9669398665428162,True
2445,2442,10,0.9648791551589966,False
2902,2855,1,1.000000238418579,False
2902,2865,2,1.000000238418579,False
2902,2947,3,1.000000238418579,False
2902,2879,4,1.000000238418579,False
2902,2882,5,1.0000001192092896,False
2902,2846,6,1.0000001192092896,False
2902,2871,7,1.0000001192092896,False
2902,2873,8,1.0,False
2902,2895,9,1.0,False
2902,2854,10,1.0,False
1929,1928,1,1.0000003576278687,True
1929,1373,2,0.9695779085159302,True
1929,149,3,0.953784167766571,False
1929,2415,4,0.9316989183425903,False
1929,2416,5,0.9316989183425903,True
1929,2385,6,0.9310562014579773,False
1929,2384,7,0.9310562014579773,True
1929,2157,8,0.9223055243492126,True
1929,2158,9,0.9223055243492126,True
1929,204,10,0.9218624830245972,False
2273,677,1,0.9888855814933777,False
2273,1623,2,0.9877520799636841,False
2273,1351,3,0.9825118780136108,False
2273,598,4,0.9804782271385193,True
2273,287,5,0.9798008799552917,True
2273,205,6,0.9791815876960754,False
2273,1364,7,0.9786131381988525,False
2273,2263,8,0.9782170653343201,True
2273,2262,9,0.9782170653343201,True
2273,508,10,0.9781016111373901,False
2582,984,1,0.989351749420166,False
2582,2988,2,0.9840925931930542,True
2582,721,3,0.9838944673538208,False
2582,2622,4,0.9830828905105591,False
2582,2623,5,0.9830828905105591,False
2582,740,6,0.9821747541427612,True
2582,52,7,0.9813957810401917,False
2582,2115,8,0.9808320999145508,False
2582,2985,9,0.9798644185066223,False
2582,1066,10,0.9795389175415039,True
1771,895,1,0.9774153232574463,False
1771,894,2,0.9774152040481567,False
1771,1383,3,0.9768211245536804,False
1771,1382,4,0.9768211245536804,False
1771,1381,5,0.9768211245536804,False
1771,1916,6,0.971335232257843,False
1771,1549,7,0.9711976051330566,False
1771,1548,8,0.9711976051330566,False
1771,1691,9,0.9687247276306152,False
1771,1692,10,0.9687247276306152,False
2963,1907,1,0.9850003719329834,False
2963,360,2,0.9775840044021606,False
2963,1932,3,0.9767053723335266,False
2963,744,4,0.9759461879730225,False
2963,1900,5,0.9754146933555603,True
2963,1898,6,0.9754146933555603,False
2963,936,7,0.975081741809845,False
2963,937,8,0.975081741809845,False
2963,706,9,0.9748897552490234,False
2963,705,10,0.9748897552490234,True
2367,1956,1,0.9888448119163513,False
2367,2774,2,0.9872515797615051,False
2367,1960,3,0.9828895330429077,False
2367,1572,4,0.9813569188117981,False
2367,1573,5,0.9813569188117981,False
2367,1841,6,0.9773938655853271,False
2367,1840,7,0.9773938655853271,True
2367,2159,8,0.9771658182144165,True
2367,471,9,0.9767203330993652,False
2367,5,10,0.9747081398963928,True
2530,2531,1,0.9999998807907104,True
2530,2529,2,0.9999998807907104,True
2530,1035,3,0.9584558606147766,False
2530,320,4,0.9507057666778564,True
2530,627,5,0.9505513906478882,False
2530,626,6,0.9505510926246643,False
2530,2744,7,0.9470921754837036,True
2530,2743,8,0.9470921754837036,False
2530,489,9,0.9460453391075134,False
2530,274,10,0.9457358121871948,False
911,910,1,0.9999998211860657,False
911,1815,2,0.9933632016181946,True
911,952,3,0.9735789895057678,False
911,2031,4,0.973254382610321,False
911,2992,5,0.9729564785957336,False
911,970,6,0.970923125743866,False
911,1475,7,0.9661775827407837,False
911,434,8,0.965832531452179,True
911,1146,9,0.9648820161819458,False
911,3003,10,0.9647085070610046,False
1071,2969,1,0.9881337881088257,False
1071,1178,2,0.9748448729515076,False
1071,1177,3,0.9748448729515076,False
1071,1492,4,0.9747937917709351,False
1071,2763,5,0.9733061790466309,False
1071,1756,6,0.9718694090843201,False
1071,2782,7,0.9681259393692017,False
1071,2992,8,0.9670416712760925,False
1071,1374,9,0.9662142992019653,False
1071,1728,10,0.9657096862792969,False
1152,2983,1,0.975243866443634,False
1152,128,2,0.9738097190856934,False
1152,2549,3,0.9715383648872375,True
1152,2548,4,0.9715383648872375,True
1152,1457,5,0.9713045358657837,False
1152,857,6,0.9686031937599182,True
1152,1332,7,0.9673066139221191,False
1152,982,8,0.9665867686271667,False
1152,981,9,0.9665867686271667,False
1152,1348,10,0.9661993384361267,False
1305,239,1,0.985643744468689,True
1305,671,2,0.9847540855407715,True
1305,1285,3,0.9786645174026489,True
1305,1229,4,0.9759966135025024,True
1305,602,5,0.9744336605072021,True
1305,1252,6,0.9730374813079834,False
1305,2401,7,0.9726278781890869,False
1305,1342,8,0.9719473123550415,True
1305,755,9,0.9716405272483826,True
1305,604,10,0.966715395450592,False
2200,832,1,0.9954298138618469,False
2200,2768,2,0.9897025227546692,True
2200,584,3,0.9894440174102783,False
2200,1350,4,0.9859069585800171,False
2200,1367,5,0.9847095012664795,False
2200,1368,6,0.9847095012664795,False
2200,2251,7,0.9841132760047913,False
2200,2169,8,0.9823540449142456,False
2200,150,9,0.9817559719085693,False
2200,1501,10,0.9766470193862915,False
1867,2638,1,0.9918429851531982,False
1867,111,2,0.9673150777816772,True
1867,865,3,0.9583460092544556,False
1867,864,4,0.9583460092544556,False
1867,2299,5,0.9573692083358765,True
1867,562,6,0.9559285044670105,False
1867,563,7,0.9559285044670105,False
1867,12,8,0.9515511989593506,False
1867,1910,9,0.9514333605766296,False
1867,1029,10,0.9506424069404602,False
2475,204,1,0.9972579479217529,True
2475,234,2,0.9728465676307678,True
2475,233,3,0.9728465676307678,False
2475,262,4,0.9705266356468201,False
2475,2041,5,0.9702620506286621,False
2475,2042,6,0.9702620506286621,True
2475,580,7,0.9700005054473877,True
2475,2026,8,0.9690957069396973,True
2475,2025,9,0.9690957069396973,False
2475,1086,10,0.96892249584198,True
2766,2765,1,0.9999998807907104,False
2766,378,2,0.9871859550476074,False
2766,595,3,0.9865330457687378,False
2766,2453,4,0.9762811660766602,False
2766,2452,5,0.9762811660766602,False
2766,203,6,0.9758713245391846,False
2766,2837,7,0.9756166934967041,False
2766,959,8,0.9750301837921143,False
2766,2168,9,0.9722749590873718,False
2766,2363,10,0.9721958637237549,False
1873,1874,1,1.000000238418579,False
1873,2506,2,0.9936119914054871,True
1873,775,3,0.9928635358810425,True
1873,2398,4,0.9798336029052734,True
1873,1971,5,0.9782643914222717,True
1873,432,6,0.9756736159324646,True
1873,2670,7,0.9735372066497803,False
1873,2669,8,0.9735372066497803,True
1873,2399,9,0.9728398323059082,True
1873,1949,10,0.9702162742614746,True
2707,36,1,0.9924474358558655,False
2707,2271,2,0.9859378337860107,False
2707,1093,3,0.978512167930603,False
2707,1091,4,0.978512167930603,True
2707,1092,5,0.978512167930603,False
2707,2589,6,0.9744300246238708,False
2707,2156,7,0.9740830063819885,False
2707,1448,8,0.9704107642173767,False
2707,1449,9,0.9704107642173767,False
2707,1848,10,0.969348669052124,False
2436,1972,1,0.968538761138916,True
2436,2449,2,0.9651744961738586,True
2436,998,3,0.9636237025260925,False
2436,999,4,0.9636237025260925,True
2436,997,5,0.9636237025260925,True
2436,2509,6,0.9573194980621338,False
2436,2510,7,0.9573194980621338,True
2436,1619,8,0.9571240544319153,False
2436,439,9,0.9563840627670288,True
2436,2396,10,0.9553824663162231,False
2716,1458,1,0.9887636303901672,False
2716,2962,2,0.9854094386100769,False
2716,1249,3,0.9845492839813232,False
2716,277,4,0.9839034080505371,False
2716,193,5,0.9825851321220398,False
2716,942,6,0.9821658730506897,False
2716,1295,7,0.981914222240448,False
2716,855,8,0.9818035364151001,False
2716,856,9,0.9818035364151001,False
2716,310,10,0.9812190532684326,False
2298,2297,1,0.999999463558197,True
2298,1517,2,0.9944717884063721,False
2298,611,3,0.9924241304397583,False
2298,1080,4,0.9872744679450989,True
2298,1079,5,0.9872744679450989,False
2298,1081,6,0.9872744679450989,True
2298,1413,7,0.9871724247932434,False
2298,1414,8,0.9871724247932434,True
2298,1745,9,0.9867467880249023,True
2298,1744,10,0.9867467880249023,True
17,537,1,0.989186704158783,True
17,1516,2,0.9888387322425842,False
17,799,3,0.9857073426246643,False
17,369,4,0.984852135181427,True
17,1350,5,0.984322726726532,False
17,673,6,0.9837993383407593,False
17,584,7,0.9834907054901123,False
17,947,8,0.9825443625450134,False
17,1499,9,0.9801318049430847,False
17,1602,10,0.9794068336486816,True
2878,2940,1,1.0000001192092896,True
2878,2905,2,0.9212145209312439,False
2878,2877,3,0.918596088886261,False
2878,2862,4,0.9008702039718628,False
2878,2864,5,0.8961347937583923,False
2878,2411,6,0.8838005661964417,True
2878,2904,7,0.8796274662017822,False
2878,2896,8,0.8796273469924927,False
2878,283,9,0.8709787130355835,False
2878,1651,10,0.8651219606399536,False
551,1384,1,0.9846264719963074,True
551,1625,2,0.9834749698638916,True
551,2472,3,0.9804657697677612,False
551,620,4,0.9790320992469788,False
551,762,5,0.9789055585861206,False
551,1401,6,0.9786608219146729,False
551,1010,7,0.9766066074371338,False
551,389,8,0.976500391960144,True
551,410,9,0.9757212400436401,False
551,1277,10,0.9751735925674438,True
2909,2855,1,1.0000001192092896,False
2909,2865,2,1.0000001192092896,False
2909,2846,3,1.0000001192092896,False
2909,2879,4,1.0000001192092896,False
2909,2871,5,1.0000001192092896,False
2909,2919,6,1.0,True
2909,2854,7,1.0,False
2909,2873,8,1.0,True
2909,2880,9,0.9999999403953552,False
2909,2947,10,0.9999998807907104,False
2601,2971,1,0.9908406138420105,False
2601,1970,2,0.9888187050819397,True
2601,1969,3,0.9888187050819397,False
2601,2189,4,0.9886764883995056,True
2601,2491,5,0.9883277416229248,True
2601,1682,6,0.9882950186729431,True
2601,1194,7,0.9869635701179504,True
2601,1195,8,0.9869635701179504,True
2601,1193,9,0.9869635701179504,True
2601,2013,10,0.9868311882019043,True
1304,205,1,0.9884207248687744,False
1304,2218,2,0.9876842498779297,True
1304,1524,3,0.9844843149185181,False
1304,677,4,0.9836066961288452,False
1304,2263,5,0.9822224378585815,False
1304,2262,6,0.9822224378585815,False
1304,1364,7,0.9818581938743591,True
1304,598,8,0.978948175907135,False
1304,508,9,0.9779210090637207,False
1304,507,10,0.9779210090637207,False
2576,76,1,0.9519436955451965,False
2576,133,2,0.9484491348266602,True
2576,11,3,0.9466195702552795,True
2576,2137,4,0.9462630748748779,False
2576,290,5,0.9447430372238159,False
2576,288,6,0.9447430372238159,False
2576,2910,7,0.9447124600410461,True
2576,1811,8,0.9447123408317566,True
2576,2209,9,0.9440800547599792,True
2576,2807,10,0.9431535005569458,False
2039,1865,1,0.9699200987815857,True
2039,1864,2,0.9699200987815857,False
2039,1125,3,0.9596660137176514,True
2039,1540,4,0.9581930041313171,False
2039,2822,5,0.9548367261886597,True
2039,2155,6,0.9542935490608215,True
2039,1739,7,0.9519931674003601,False
2039,1232,8,0.9496049284934998,True
2039,969,9,0.9477454423904419,True
2039,685,10,0.9476950764656067,False
2017,2018,1,0.9999997615814209,True
2017,1481,2,0.9925113916397095,True
2017,1480,3,0.9925113916397095,True
2017,1479,4,0.9925113916397095,True
2017,1393,5,0.9884437918663025,False
2017,2044,6,0.9830701351165771,False
2017,2043,7,0.9830701351165771,False
2017,2045,8,0.9830701351165771,False
2017,2437,9,0.980306088924408,True
2017,1308,10,0.9797691106796265,False
2764,2763,1,0.9999998807907104,False
2764,40,2,0.9869699478149414,False
2764,2266,3,0.9857714772224426,False
2764,1297,4,0.9809955358505249,False
2764,1296,5,0.9809955358505249,False
2764,1235,6,0.978853702545166,True
2764,1406,7,0.9765055179595947,False
2764,2064,8,0.9741112589836121,True
2764,2665,9,0.9722932577133179,True
2764,1177,10,0.9707656502723694,False
2886,2846,1,0.9999998807907104,False
2886,2871,2,0.9999998807907104,False
2886,2926,3,0.9999997019767761,False
2886,2927,4,0.9999997019767761,False
2886,2845,5,0.9999997019767761,False
2886,2865,6,0.9999996423721313,False
2886,2947,7,0.9999996423721313,False
2886,2879,8,0.9999996423721313,False
2886,2919,9,0.9999996423721313,False
2886,2855,10,0.9999996423721313,False
902,1967,1,0.98494952917099,False
902,1382,2,0.9789265394210815,True
902,1381,3,0.9789265394210815,False
902,1383,4,0.9789265394210815,True
902,1180,5,0.978922426700592,True
902,2515,6,0.9738669395446777,True
902,220,7,0.9737997651100159,True
902,2105,8,0.9734688401222229,True
902,1549,9,0.9723575711250305,False
902,1548,10,0.9723575711250305,True
